ID,Target,f1,f2,f3,f4,f5
1,1,2.8,-1.8,-2.8,1.3,0.4
2,1,2.9,-1.9,-2.9,1.4,0.5
3,1,3.0,-2.0,-3.0,1.5,0.6
4,1,3.1,-2.1,-3.1,1.6,0.7
5,1,3.2,-2.2,-3.2,1.7,0.8
6,2,-1.6,-2.5,1.5,0.2,0.6
7,2,-1.3,-2.7,1.3,0.4,0.8
8,2,-1.0,-3.0,1.5,0.6,1.0
9,2,-0.7,-3.2,1.7,0.8,1.2
10,2,-0.5,-3.5,1.9,1.0,1.4
11,3,1.2,-1.2,0.7,-0.3,-2.8
12,3,1.1,-1.1,0.8,-0.4,-2.9
13,3,1.0,-1.0,0.8444444444,-0.4444444444,-3.0
14,3,0.9,-0.9,0.85,-0.45,-3.1
15,3,0.8,-0.8,0.9,-0.5,-3.2
